Rank,Name,Team,MIN,PTS,REB,AST,STL,BLK,TO,3PM,FGM,FGA,FTM,FTA,FG%,FT%,FGImpact,FTImpact,Composite
1,"Dalen Terry",GS,43,23,8,9,4,0,4,4,9,18,1,2,50.0,50.0,0.43,-0.50,10.45
2,"Miles Kelly",GS,28,24,7,6,1,1,1,6,8,16,2,4,50.0,50.0,0.38,-0.99,10.12
3,"Shai Gilgeous-Alexander",OKC,18,17,3,5,0,1,0,3,5,5,4,4,100.0,100.0,2.62,1.01,9.18
4,"Myles Turner",MIL,22,19,5,0,1,2,1,2,5,8,7,8,62.5,87.5,1.19,1.02,7.69
5,"Robert Williams III",POR,14,8,5,1,1,5,1,0,4,5,0,0,80.0,,1.62,0.00,7.53
6,"Aday Mara",OKC,25,22,6,2,0,1,0,0,10,10,2,3,100.0,66.7,5.24,-0.24,7.38
7,"Charles Bassey",GS,24,13,6,1,3,3,3,0,6,7,1,2,85.7,50.0,2.67,-0.50,6.48
8,"Jalen Williams",OKC,19,16,3,6,2,0,1,0,8,11,0,0,72.7,,2.76,0.00,5.57
9,"Jay Huff",IND,17,16,4,4,1,1,2,2,6,11,2,2,54.5,100.0,0.76,0.50,5.29
10,"Ryan Rollins",MIL,21,12,3,7,1,1,1,2,5,7,0,1,71.4,0.0,1.67,-0.75,5.15
11,"Jaden McDaniels",MIN,21,16,3,0,1,1,1,4,6,10,0,0,60.0,,1.24,0.00,4.90
12,"Bennett Stirtz",OKC,22,20,5,2,1,0,1,4,6,11,4,6,54.5,66.7,0.76,-0.49,4.84
13,"Dillon Brooks",PHX,23,24,4,2,1,0,5,3,7,9,7,8,77.8,87.5,2.72,1.02,4.77
14,"Tristan da Silva",ORL,25,19,5,2,1,0,0,4,6,16,3,4,37.5,75.0,-1.62,0.01,4.57
15,"Leonard Miller",CHI,14,14,1,2,2,0,0,1,5,7,3,3,71.4,100.0,1.67,0.76,4.53
16,"Nikola Vucevic",ORL,12,9,3,1,1,1,0,3,3,3,0,0,100.0,,1.57,0.00,4.53
17,"Micah Potter",POR,13,13,6,1,0,0,0,2,4,6,3,3,66.7,100.0,1.14,0.76,4.09
18,"Jordan Goodwin",PHX,16,5,3,2,6,0,2,1,2,4,0,0,50.0,,0.10,0.00,4.09
19,"Aaron Nesmith",IND,16,19,0,0,0,0,0,4,7,9,1,1,77.8,100.0,2.72,0.25,4.08
20,"Kel'el Ware",MIL,25,18,12,1,0,1,1,0,7,13,4,6,53.8,66.7,0.81,-0.49,4.08
21,"Ben Sheppard",IND,22,13,5,0,2,0,1,3,4,9,2,2,44.4,100.0,-0.28,0.50,3.84
22,"Wendell Carter Jr.",ORL,15,13,4,2,0,0,0,3,5,7,0,0,71.4,,1.67,0.00,3.69
23,"GG Jackson",MEM,14,15,6,0,1,0,0,3,5,13,2,2,38.5,100.0,-1.19,0.50,3.68
24,"Anthony Edwards",MIN,20,19,1,1,0,0,0,4,5,10,5,6,50.0,83.3,0.24,0.51,3.55
25,"Matas Buzelis",CHI,26,14,3,1,2,2,1,0,6,15,2,2,40.0,100.0,-1.14,0.50,3.46
26,"Cason Wallace",OKC,18,7,3,6,1,1,0,1,2,8,2,2,25.0,100.0,-1.81,0.50,3.35
27,"Kasparas Jakucionis",MIL,18,10,4,4,0,1,1,2,3,7,2,2,42.9,100.0,-0.33,0.50,3.20
28,"Dailyn Swain",CHI,22,10,2,6,2,0,3,0,3,3,4,4,100.0,100.0,1.57,1.01,3.15
29,"Pascal Siakam",IND,19,10,2,3,1,2,1,0,5,8,0,0,62.5,,1.19,0.00,3.14
30,"Damian Lillard",POR,19,15,1,1,2,0,1,3,5,11,2,2,45.5,100.0,-0.24,0.50,3.06
31,"Cameron Boozer",MEM,22,16,6,2,0,0,2,2,4,7,6,7,57.1,85.7,0.67,0.76,3.00
32,"Alex Caruso",OKC,17,12,4,2,0,1,0,4,4,6,0,2,66.7,0.0,1.14,-1.50,2.83
33,"Taylor Hendricks",MEM,11,12,2,1,0,1,0,2,5,7,0,0,71.4,,1.67,0.00,2.81
34,"Tyler Herro",MIL,23,13,3,3,0,1,2,3,5,9,0,0,55.6,,0.72,0.00,2.69
35,"Tyrese Haliburton",IND,16,7,0,6,1,2,1,1,3,8,0,0,37.5,,-0.81,0.00,2.55
36,"Jalen Smith",CHI,20,13,8,1,2,0,3,2,5,8,1,2,62.5,50.0,1.19,-0.50,2.50
37,"Tobe Awaka",CHI,21,14,11,0,1,1,3,1,6,8,1,3,75.0,33.3,2.19,-1.24,2.43
38,"Ty Jerome",MEM,19,17,1,4,0,0,0,1,7,14,2,2,50.0,100.0,0.34,0.50,2.38
39,"Will Richard",GS,33,15,3,1,0,0,2,3,3,7,6,6,42.9,100.0,-0.33,1.51,2.37
40,"Rudy Gobert",MIN,19,7,9,2,1,0,2,0,2,3,3,3,66.7,100.0,0.57,0.76,2.16
41,"Jarace Walker",IND,28,7,5,10,0,0,1,1,3,6,0,1,50.0,0.0,0.14,-0.75,2.16
42,"Deni Avdija",POR,21,23,2,2,0,0,2,3,9,13,2,4,69.2,50.0,2.81,-0.99,2.06
43,"Donovan Clingan",POR,20,3,10,2,1,1,0,0,1,7,1,1,14.3,100.0,-2.33,0.25,2.01
44,"LaMelo Ball",MIN,20,14,4,7,0,0,5,4,5,9,0,0,55.6,,0.72,0.00,1.99
45,"Jamal Cain",ORL,22,15,2,1,0,0,1,3,6,9,0,0,66.7,,1.72,0.00,1.88
46,"Jalen Slawson",IND,18,4,5,1,2,2,2,0,1,4,2,2,25.0,100.0,-0.90,0.50,1.87
47,"Luke Kennard",PHX,13,8,2,4,1,0,0,0,3,5,2,2,60.0,100.0,0.62,0.50,1.80
48,"Ousmane Dieng",MIL,23,8,5,7,0,0,1,0,3,7,2,2,42.9,100.0,-0.33,0.50,1.79
49,"Josh Giddey",CHI,23,7,3,7,0,1,2,1,1,6,4,4,16.7,100.0,-1.86,1.01,1.77
50,"Jaime Jaquez Jr.",MIL,22,13,1,3,2,0,2,3,4,12,2,2,33.3,100.0,-1.71,0.50,1.71
51,"Franz Wagner",ORL,14,6,2,7,2,0,1,0,2,7,2,2,28.6,100.0,-1.33,0.50,1.69
52,"Trey Lyles",MIN,12,8,4,2,0,0,0,2,3,4,0,0,75.0,,1.10,0.00,1.62
53,"Bones Hyland",MIN,11,10,0,1,1,1,1,3,3,7,1,1,42.9,100.0,-0.33,0.25,1.58
54,"Alex Toohey",GS,19,5,1,2,0,2,0,1,1,3,2,2,33.3,100.0,-0.43,0.50,1.54
55,"Norman Powell",CHI,14,14,0,1,1,0,2,3,3,4,5,6,75.0,83.3,1.10,0.51,1.50
56,"Kevin Knox II",ORL,13,11,6,0,0,0,0,1,3,8,4,4,37.5,100.0,-0.81,1.01,1.43
57,"Obi Toppin",IND,11,10,2,1,1,1,2,1,4,5,1,1,80.0,100.0,1.62,0.25,1.43
58,"Brayden Burries",MIL,21,16,5,1,2,0,1,0,5,13,6,8,38.5,75.0,-1.19,0.02,1.02
59,"Ryan Dunn",PHX,23,4,5,2,2,1,2,0,2,4,0,0,50.0,,0.10,0.00,0.90
60,"Zach Edey",MEM,10,2,4,1,1,1,0,0,1,1,0,0,100.0,,0.52,0.00,0.61
61,"Khaman Maluach",PHX,25,8,7,4,0,0,2,0,2,3,4,5,66.7,80.0,0.57,0.26,0.56
62,"Cam Spencer",MEM,16,7,1,5,1,0,2,1,1,4,4,4,25.0,100.0,-0.90,1.01,0.42
63,"Desmond Bane",ORL,13,9,1,1,0,0,1,3,3,3,0,0,100.0,,1.57,0.00,0.34
64,"Cedric Coward",MEM,22,8,4,3,0,0,0,2,3,9,0,0,33.3,,-1.28,0.00,0.32
65,"Brandon Williams",GS,18,17,3,4,1,0,3,1,7,11,2,4,63.6,50.0,1.76,-0.99,0.31
66,"Jalen Green",PHX,22,12,4,2,2,1,4,1,4,10,3,4,40.0,75.0,-0.76,0.01,0.26
67,"Jevon Carter",ORL,19,5,4,6,0,0,2,1,1,3,2,2,33.3,100.0,-0.43,0.50,0.21
68,"Kelly Oubre Jr.",IND,10,5,1,2,2,0,2,1,1,1,2,2,100.0,100.0,0.52,0.50,-0.03
69,"Olivier-Maxence Prosper",MEM,12,9,0,1,0,1,0,1,4,7,0,0,57.1,,0.67,0.00,-0.06
70,"Alex Morales",ORL,24,4,10,2,1,1,1,0,2,5,0,2,40.0,0.0,-0.38,-1.50,-0.10
71,"Patrick Williams",CHI,11,6,1,0,1,0,0,2,2,3,0,0,66.7,,0.57,0.00,-0.21
72,"Caleb Wilson",CHI,29,15,3,2,1,0,2,0,6,15,3,3,40.0,100.0,-1.14,0.76,-0.22
73,"Terrence Shannon Jr.",MIN,17,9,1,2,1,0,1,1,2,4,4,5,50.0,80.0,0.10,0.26,-0.31
74,"Yang Hansen",POR,12,6,2,4,1,0,2,0,2,3,2,2,66.7,100.0,0.57,0.50,-0.33
75,"Buddy Hield",CHI,15,8,2,3,1,0,2,1,2,6,3,3,33.3,100.0,-0.86,0.76,-0.35
76,"Ayo Dosunmu",MIN,17,10,1,3,1,0,1,1,3,7,3,4,42.9,75.0,-0.33,0.01,-0.38
77,"Braden Smith",IND,14,3,5,5,0,0,1,1,1,4,0,0,25.0,,-0.90,0.00,-0.52
78,"Collin Gillespie",PHX,14,12,3,2,0,0,2,3,4,8,1,2,50.0,50.0,0.19,-0.50,-0.56
79,"Toumani Camara",POR,19,5,1,1,1,0,0,1,1,3,2,2,33.3,100.0,-0.43,0.50,-0.60
80,"Jeremy Sochan",POR,9,10,0,0,0,0,0,2,4,6,0,0,66.7,,1.14,0.00,-0.62
81,"Jrue Holiday",POR,19,5,7,5,1,0,3,1,2,8,0,0,25.0,,-1.81,0.00,-0.66
82,"Jase Richardson",ORL,23,3,3,3,0,0,0,1,1,2,0,0,50.0,,0.05,0.00,-0.73
83,"Scoot Henderson",POR,17,9,3,3,0,1,3,1,3,8,2,2,37.5,100.0,-0.81,0.50,-0.75
84,"Pat Spencer",PHX,12,8,0,1,0,0,0,2,2,5,2,2,40.0,100.0,-0.38,0.50,-0.79
85,"Jericho Sims",MIL,18,6,6,2,0,0,2,0,3,3,0,0,100.0,,1.57,0.00,-0.85
86,"Jared McCain",OKC,17,11,1,2,0,0,1,3,4,11,0,0,36.4,,-1.24,0.00,-0.94
87,"Kris Murray",MEM,10,5,1,1,1,0,0,1,2,4,0,0,50.0,,0.10,0.00,-1.03
88,"Ja Morant",POR,19,8,2,5,2,0,4,0,3,8,2,2,37.5,100.0,-0.81,0.50,-1.17
89,"Pete Nance",MIL,13,6,5,0,0,0,1,2,2,5,0,0,40.0,,-0.38,0.00,-1.26
90,"Rienk Mast",IND,5,5,3,1,0,0,0,1,2,4,0,0,50.0,,0.10,0.00,-1.32
91,"Graham Ike",GS,24,10,6,2,1,0,2,2,4,9,0,2,44.4,0.0,-0.28,-1.50,-1.34
92,"Vit Krejci",POR,14,3,4,3,0,0,0,1,1,5,0,0,20.0,,-1.38,0.00,-1.39
93,"Jayson Kent",POR,3,3,1,1,1,0,0,1,1,2,0,0,50.0,,0.05,0.00,-1.41
94,"Cody Williams",MIN,18,6,3,1,0,1,1,0,2,7,2,2,28.6,100.0,-1.33,0.50,-1.66
95,"Joan Beringer",MIN,19,2,8,0,0,1,2,0,1,3,0,0,33.3,,-0.43,0.00,-1.80
96,"Walter Clayton Jr.",MEM,13,9,4,3,0,1,2,1,3,8,2,4,37.5,50.0,-0.81,-0.99,-1.92
97,"Drew Peterson",CHI,7,3,0,3,0,1,2,1,1,1,0,0,100.0,,0.52,0.00,-1.97
98,"Enrique Freeman",MIN,8,0,1,0,1,2,1,0,0,2,0,0,0.0,,-0.95,0.00,-2.05
99,"Javon Small",MEM,8,3,0,2,0,0,0,1,1,1,0,0,100.0,,0.52,0.00,-2.09
100,"Jamaree Bouyea",PHX,12,9,0,2,1,0,3,1,4,6,0,0,66.7,,1.14,0.00,-2.10
101,"Goga Bitadze",ORL,13,7,2,0,0,1,1,0,3,4,1,2,75.0,50.0,1.10,-0.50,-2.21
102,"Cormac Ryan",MIL,11,2,2,0,1,1,1,0,1,3,0,0,33.3,,-0.43,0.00,-2.29
103,"Quenton Jackson",IND,10,5,1,1,0,0,1,1,2,2,0,0,100.0,,1.05,0.00,-2.30
104,"Jerami Grant",MEM,20,3,3,1,0,0,0,1,1,4,0,0,25.0,,-0.90,0.00,-2.41
105,"JD Davison",ORL,10,1,2,5,1,0,0,0,0,4,1,2,0.0,50.0,-1.90,-0.50,-2.45
106,"Miles Bridges",PHX,8,3,1,1,0,0,0,0,1,1,1,1,100.0,100.0,0.52,0.25,-2.53
107,"Kobe Brown",IND,17,5,5,1,0,0,2,1,2,5,0,0,40.0,,-0.38,0.00,-2.60
108,"Andrew Holifield",OKC,6,2,1,1,0,0,0,0,0,0,2,2,,100.0,0.00,0.50,-2.68
109,"Andrew Nembhard",IND,16,4,1,2,1,0,1,0,2,5,0,0,40.0,,-0.38,0.00,-2.73
110,"Malevy Leons",GS,33,5,5,0,1,1,2,1,2,11,0,0,18.2,,-3.24,0.00,-2.74
111,"Branden Carlson",POR,9,4,3,0,0,0,0,0,2,4,0,0,50.0,,0.10,0.00,-2.76
112,"Colin Castleton",ORL,8,4,2,0,0,1,2,0,2,2,0,0,100.0,,1.05,0.00,-2.82
113,"Keba Keita",IND,2,4,1,0,0,0,0,0,2,2,0,0,100.0,,1.05,0.00,-2.87
114,"Kenrich Williams",OKC,14,3,4,0,2,0,1,1,1,9,0,0,11.1,,-3.28,0.00,-2.92
115,"Isaac Okoro",CHI,17,2,1,2,0,0,0,0,1,2,0,0,50.0,,0.05,0.00,-2.99
116,"Chris Youngblood",POR,12,8,2,3,1,0,3,2,3,5,0,2,60.0,0.0,0.62,-1.50,-3.04
117,"John Tonje",POR,3,0,0,1,1,0,0,0,0,0,0,0,,,0.00,0.00,-3.15
118,"Ivica Zubac",IND,18,6,3,2,1,0,3,0,3,7,0,0,42.9,,-0.33,0.00,-3.27
119,"Sidy Cissoko",POR,16,0,1,1,1,2,2,0,0,1,0,1,0.0,0.0,-0.48,-0.75,-3.31
120,"Quinten Post",MEM,15,5,1,4,0,0,0,0,2,4,1,3,50.0,33.3,0.10,-1.24,-3.51
121,"Paolo Banchero",ORL,15,11,1,5,0,0,2,0,2,7,7,10,28.6,70.0,-1.33,-0.48,-3.56
122,"Bogoljub Markovic",MIL,6,2,2,0,0,0,1,0,0,0,2,2,,100.0,0.00,0.50,-3.63
123,"Norchad Omier",MIN,6,0,0,0,1,0,0,0,0,0,0,0,,,0.00,0.00,-3.64
124,"Brooks Barnhizer",OKC,19,6,3,1,0,0,2,0,3,6,0,0,50.0,,0.14,0.00,-3.64
125,"Ajay Mitchell",OKC,17,3,2,5,0,1,4,0,1,5,1,1,20.0,100.0,-1.38,0.25,-3.71
126,"Jaylen Wells",MEM,22,6,5,0,0,0,0,1,2,10,1,2,20.0,50.0,-2.76,-0.50,-3.77
127,"Otega Oweh",OKC,16,2,1,0,0,1,1,0,1,3,0,0,33.3,,-0.43,0.00,-3.81
128,"Oso Ighodaro",PHX,18,8,2,2,1,0,2,0,4,6,0,2,66.7,0.0,1.14,-1.50,-3.82
129,"Jaylen Clark",MIN,11,0,1,0,2,0,2,0,0,0,0,0,,,0.00,0.00,-3.86
130,"Jonathan Kuminga",MIN,19,2,1,3,1,0,0,0,1,9,0,0,11.1,,-3.28,0.00,-3.89
131,"Brandon Boston Jr.",CHI,5,2,0,0,0,0,0,0,1,1,0,0,100.0,,0.52,0.00,-4.01
132,"Isaiah Evans",MIN,7,2,0,0,0,1,0,0,1,5,0,0,20.0,,-1.38,0.00,-4.06
133,"Karim Lopez",MEM,6,0,0,1,0,0,0,0,0,0,0,0,,,0.00,0.00,-4.26
134,"Carson Cooper",MEM,5,0,2,0,0,0,0,0,0,1,0,0,0.0,,-0.48,0.00,-4.29
135,"Koa Peat",PHX,5,2,3,0,0,0,1,0,1,3,0,0,33.3,,-0.43,0.00,-4.37
136,"Zyon Pullin",MIN,14,7,3,0,0,0,2,0,3,5,1,2,60.0,50.0,0.62,-0.50,-4.41
137,"Rasheer Fleming",PHX,20,3,3,0,0,0,0,0,1,4,1,2,25.0,50.0,-0.90,-0.50,-4.50
138,"Malaki Branham",ORL,13,5,5,0,0,0,3,1,2,7,0,0,28.6,,-1.33,0.00,-4.68
139,"LJ Cryer",GS,18,6,1,1,0,0,2,1,2,5,1,2,40.0,50.0,-0.38,-0.50,-4.89
140,"Noa Essengue",CHI,15,2,0,2,0,0,1,0,0,4,2,2,0.0,100.0,-1.90,0.50,-4.91
141,"Kam Jones",MIL,10,0,2,2,0,0,2,0,0,1,0,0,0.0,,-0.48,0.00,-5.06
142,"Anthony Pritchard",OKC,10,2,1,2,1,0,1,0,0,2,2,4,0.0,50.0,-0.95,-0.99,-5.13
143,"Scotty Pippen Jr.",MEM,14,1,0,2,3,0,1,0,0,2,1,4,0.0,25.0,-0.95,-1.99,-5.13
144,"Josh Dix",OKC,14,3,0,0,0,0,1,1,1,5,0,0,20.0,,-1.38,0.00,-5.37
145,"Haywood Highsmith",PHX,7,0,1,0,0,0,1,0,0,2,0,0,0.0,,-0.95,0.00,-5.93
146,"Nate Ament",MIL,10,3,4,1,1,0,0,0,1,7,1,4,14.3,25.0,-2.33,-1.99,-6.02
147,"Devin Booker",PHX,23,11,0,1,0,0,2,0,3,14,5,6,21.4,83.3,-3.66,0.51,-6.03
148,"Christoph Tilly",OKC,8,0,2,0,1,0,1,0,0,1,0,2,0.0,0.0,-0.48,-1.50,-6.51