"Player ID","Round","Pick","Ov Pick","Pos","Player","Team","Fantasy Team","Time (CEST)"
"06cch","1","1","1","C","Victor Wembanyama","SA","JustinofNixa","2026-07-09T23:03:43.000Z"
"03e75","1","2","2","C","Nikola Jokic","DEN","Hoobob","2026-07-09T23:03:43.000Z"
"04qro","1","3","3","PG","Shai Gilgeous-Alexander","OKC","alegfrev","2026-07-09T23:03:44.000Z"
"04kj6","1","4","4","PG","Luka Doncic","LAL","Pilli","2026-07-09T23:03:46.000Z"
"05qsq","1","5","5","PG","Tyrese Maxey","PHI","Markkowgier","2026-07-10T07:03:55.000Z"
"05uib","1","6","6","PG","Cade Cunningham","DET","GreenPoh","2026-07-10T07:03:56.000Z"
"06v5l","1","7","7","SF","Cooper Flagg","DAL","joberry","2026-07-10T07:43:54.000Z"
"05uie","1","8","8","PF","Scottie Barnes","TOR","F Hoops Edge","2026-07-10T08:54:53.000Z"
"031m2","1","9","9","PF","Giannis Antetokounmpo","MIA","Anyang","2026-07-10T09:14:03.000Z"
"05qug","1","10","10","SG","Anthony Edwards","MIN","Timbo1","2026-07-10T09:15:16.000Z"
"04ewe","1","11","11","SG","Donovan Mitchell","CLE","bdub","2026-07-10T10:31:21.000Z"
"05uiu","1","12","12","SF","Jalen Johnson","ATL","FehervarVideotoners","2026-07-10T10:33:47.000Z"
"05uiq","2","1","13","C","Alperen Sengun","HOU","FehervarVideotoners","2026-07-10T10:36:31.000Z"
"03ad3","2","2","14","C","Karl-Anthony Towns","NY","bdub","2026-07-10T10:39:23.000Z"
"03xmv","2","3","15","PF","Jayson Tatum","BOS","Timbo1","2026-07-10T10:45:02.000Z"
"001aw","2","4","16","PF","Kevin Durant","HOU","Anyang","2026-07-10T12:20:47.000Z"
"05qtv","2","5","17","PG","Tyrese Haliburton","IND","F Hoops Edge","2026-07-10T16:27:07.000Z"
"06ca8","2","6","18","SF","Amen Thompson","HOU","joberry","2026-07-10T16:28:30.000Z"
"027oz","2","7","19","SF","Kawhi Leonard","LAC","GreenPoh","2026-07-10T17:33:11.000Z"
"01enh","2","8","20","PG","Stephen Curry","GS","Markkowgier","2026-07-10T17:39:41.000Z"
"04qrk","2","9","21","PG","Trae Young","WAS","Pilli","2026-07-10T17:39:42.000Z"
"042n4","2","10","22","PG","Jamal Murray","DEN","alegfrev","2026-07-10T18:15:18.000Z"
"05uus","2","11","23","SG","Austin Reaves","LAL","Hoobob","2026-07-10T21:57:03.000Z"
"01eo6","2","12","24","PG","James Harden","CLE","JustinofNixa","2026-07-10T22:23:12.000Z"
"02nf1","3","1","25","PF","Anthony Davis","WAS","JustinofNixa","2026-07-10T22:26:04.000Z"
"03nwm","3","2","26","SG","Devin Booker","PHO","Hoobob","2026-07-10T22:29:25.000Z"
"06211","3","3","27","C","Chet Holmgren","OKC","alegfrev","2026-07-11T01:16:24.000Z"
"05uig","3","4","28","PG","Josh Giddey","CHI","Pilli","2026-07-11T01:16:24.000Z"
"05qt3","3","5","29","SG","Desmond Bane","ORL","Markkowgier","2026-07-11T01:20:46.000Z"
"05uir","3","6","30","SF","Trey Murphy","NO","GreenPoh","2026-07-11T01:40:55.000Z"
"05uid","3","7","31","PF","Evan Mobley","CLE","joberry","2026-07-11T03:34:57.000Z"
"076vc","3","8","32","PF","Cameron Boozer","MEM","F Hoops Edge","2026-07-11T05:57:41.000Z"
"05qto","3","9","33","PG","LaMelo Ball","MIN","Anyang","2026-07-11T08:51:29.000Z"
"04azw","3","10","34","PF","Lauri Markkanen","UTA","Timbo1","2026-07-11T08:52:48.000Z"
"04qsa","3","11","35","PG","Jalen Brunson","NY","bdub","2026-07-11T12:36:26.000Z"
"04ewt","3","12","36","SG","Derrick White","BOS","FehervarVideotoners","2026-07-11T12:41:52.000Z"
"02xg9","4","1","37","C","Rudy Gobert","MIN","FehervarVideotoners","2026-07-11T12:42:20.000Z"
"04qrj","4","2","38","C","Jaren Jackson","UTA","bdub","2026-07-11T13:22:33.000Z"
"0621l","4","3","39","C","Walker Kessler","LAL","Timbo1","2026-07-11T17:59:40.000Z"
"0621c","4","4","40","C","Jalen Duren","DET","Anyang","2026-07-12T01:45:31.000Z"
"06cby","4","5","41","PG","Keyonte George","UTA","F Hoops Edge","2026-07-12T01:45:31.000Z"
"06v5n","4","6","42","SF","Kon Knueppel","CHA","joberry","2026-07-12T04:22:36.000Z"
"04ewf","4","7","43","C","Bam Adebayo","MIA","GreenPoh","2026-07-12T04:22:37.000Z"
"06mk3","4","8","44","SF","Matas Buzelis","CHI","Markkowgier","2026-07-12T12:22:43.000Z"
"05qtt","4","9","45","C","Onyeka Okongwu","ATL","Pilli","2026-07-12T12:22:45.000Z"
"04qrn","4","10","46","SF","Mikal Bridges","NY","alegfrev","2026-07-12T20:22:56.000Z"
"06cca","4","11","47","SF","Brandon Miller","CHA","Hoobob","2026-07-12T21:08:30.000Z"
"042n7","4","12","48","C","Domantas Sabonis","SAC","JustinofNixa","2026-07-12T21:39:51.000Z"
"042nm","5","1","49","PF","Pascal Siakam","IND","JustinofNixa","2026-07-12T21:39:57.000Z"
"06210","5","2","50","PF","Paolo Banchero","ORL","Hoobob","2026-07-12T21:52:38.000Z"
"03lls","5","3","51","SF","Jaylen Brown","PHI","alegfrev","2026-07-12T23:15:01.000Z"
"06mk7","5","4","52","C","Kelel Ware","MIL","Pilli","2026-07-12T23:24:04.000Z"
"06mjz","5","5","53","C","Donovan Clingan","POR","Markkowgier","2026-07-12T23:38:23.000Z"
"0011e","5","6","54","SF","LeBron James","PHI","GreenPoh","2026-07-12T23:38:23.000Z"
"03al2","5","7","55","C","Joel Embiid","PHI","joberry","2026-07-13T03:08:03.000Z"
"05qtj","5","8","56","SF","Deni Avdija","POR","F Hoops Edge","2026-07-13T03:36:16.000Z"
"0621b","5","9","57","SG","Jalen Williams","OKC","Anyang","2026-07-13T10:58:37.000Z"
"05uii","5","10","58","SF","Franz Wagner","ORL","Timbo1","2026-07-13T10:58:57.000Z"
"03ajv","5","11","59","PF","Julius Randle","BKN","bdub","2026-07-13T11:27:50.000Z"
"051ox","5","12","60","SG","Nickeil Alexander-Walker","ATL","FehervarVideotoners","2026-07-13T12:06:11.000Z"
"06mju","6","1","61","C","Alex Sarr","WAS","FehervarVideotoners","2026-07-13T12:10:09.000Z"
"051ot","6","2","62","SG","Tyler Herro","MIL","bdub","2026-07-13T12:10:09.000Z"
"051ol","6","3","63","PG","Darius Garland","LAC","Timbo1","2026-07-13T12:10:11.000Z"
"027oj","6","4","64","SG","Kyrie Irving","DAL","Anyang","2026-07-13T17:09:55.000Z"
"04ewn","6","5","65","PF","OG Anunoby","NY","F Hoops Edge","2026-07-13T17:09:56.000Z"
"042nq","6","6","66","PG","Dejounte Murray","NO","joberry","2026-07-13T17:12:03.000Z"
"06227","6","7","67","PG","Ryan Rollins","MIL","GreenPoh","2026-07-13T19:38:03.000Z"
"05qu0","6","8","68","PF","Jaden McDaniels","MIN","Markkowgier","2026-07-13T21:38:39.000Z"
"04qrr","6","9","69","SF","Michael Porter","BKN","Pilli","2026-07-13T21:38:39.000Z"
"06217","6","10","70","SG","Dyson Daniels","ATL","alegfrev","2026-07-14T01:37:06.000Z"
"042nt","6","11","71","C","Ivica Zubac","IND","Hoobob","2026-07-14T03:54:26.000Z"
"05qu9","6","12","72","PG","Immanuel Quickley","TOR","JustinofNixa","2026-07-14T11:54:32.000Z"
"01uyj","7","1","73","PF","Paul George","BOS","JustinofNixa","2026-07-14T12:58:34.000Z"
"0527h","7","2","74","C","Naz Reid","CHA","Hoobob","2026-07-14T13:05:43.000Z"
"03ad2","7","3","75","C","Myles Turner","MIL","alegfrev","2026-07-14T16:00:20.000Z"
"042n1","7","4","76","SF","Brandon Ingram","TOR","Pilli","2026-07-14T16:00:20.000Z"
"06v5k","7","5","77","SG","VJ Edgecombe","PHI","Markkowgier","2026-07-14T19:14:15.000Z"
"06mjw","7","6","78","PG","Stephon Castle","SA","GreenPoh","2026-07-14T20:33:01.000Z"
"04ewm","7","7","79","C","Jarrett Allen","CLE","joberry","2026-07-14T22:46:20.000Z"
"06mk1","7","8","80","C","Zach Edey","MEM","F Hoops Edge","2026-07-15T03:43:54.000Z"
"03r7z","7","9","81","SG","Norman Powell","CHI","Anyang","2026-07-15T11:44:00.000Z"
"05qt1","7","10","82","PG","Payton Pritchard","BOS","Timbo1","2026-07-15T11:44:02.000Z"
"049kb","7","11","83","PG","DeAaron Fox","SA","bdub","2026-07-15T11:44:35.000Z"
"05ujc","7","12","84","SG","Ayo Dosunmu","MIN","FehervarVideotoners","2026-07-15T13:20:27.000Z"
"051on","8","1","85","SG","Coby White","CHA","FehervarVideotoners","2026-07-15T13:21:57.000Z"
"051oi","8","2","86","PG","Ja Morant","POR","bdub","2026-07-15T21:08:27.000Z"
"051oh","8","3","87","PF","Zion Williamson","NO","Timbo1","2026-07-15T21:11:25.000Z"
"06ccf","8","4","88","SF","Ausar Thompson","DET","Anyang","2026-07-16T03:19:28.000Z"
"06v5y","8","5","89","SG","Dylan Harper","SA","F Hoops Edge","2026-07-16T04:25:05.000Z"
"076t0","8","6","90","PF","Caleb Wilson","CHI","joberry","2026-07-16T04:37:31.000Z"
"05uif","8","7","91","PG","Jalen Suggs","ORL","GreenPoh","2026-07-16T06:11:02.000Z"
"06v5a","8","8","92","PF","Collin Murray-Boyles","TOR","Markkowgier","2026-07-16T12:11:01.000Z"
"051pb","8","9","93","C","Nicolas Claxton","CHI","Pilli","2026-07-16T12:11:01.000Z"
"02ym0","8","10","94","SF","Andrew Wiggins","MIA","alegfrev","2026-07-16T13:30:20.000Z"
"02nf6","8","11","95","PG","Damian Lillard","POR","Hoobob","2026-07-16T13:36:50.000Z"
"076ta","8","12","96","SF","AJ Dybantsa","WAS","JustinofNixa","2026-07-16T13:59:49.000Z"
"05uj3","9","1","97","C","DayRon Sharpe","BKN","JustinofNixa","2026-07-16T14:00:19.000Z"
"04ex6","9","2","98","C","Isaiah Hartenstein","OKC","Hoobob","2026-07-16T14:05:45.000Z"
"06cd4","9","3","99","PF","Toumani Camara","POR","alegfrev","2026-07-16T14:15:06.000Z"
"04qrp","9","4","100","SF","Miles Bridges","PHO","Pilli","2026-07-16T14:17:00.000Z"
"0621t","9","5","101","SF","Peyton Watson","DEN","Markkowgier","2026-07-16T14:59:19.000Z"
"0621e","9","6","102","C","Mark Williams","PHO","GreenPoh","2026-07-16T15:03:46.000Z"
"04ewu","9","7","103","SG","Josh Hart","NY","joberry","2026-07-16T15:38:41.000Z"
"06v5h","9","8","104","C","Derik Queen","NO","F Hoops Edge","2026-07-16T16:15:25.000Z"
"031lx","9","9","105","PG","CJ McCollum","ATL","Anyang","2026-07-16T20:47:51.000Z"
"03el5","9","10","106","C","Kristaps Porzingis","GS","Timbo1","2026-07-16T20:48:23.000Z"
"06212","9","11","107","PF","Jabari Smith","HOU","bdub","2026-07-16T23:31:48.000Z"
"051os","9","12","108","PF","P.J. Washington","DAL","FehervarVideotoners","2026-07-17T00:22:03.000Z"
"05qt0","10","1","109","SF","Saddiq Bey","NO","FehervarVideotoners","2026-07-17T00:23:45.000Z"
"06mjv","10","2","110","PG","Reed Sheppard","HOU","bdub","2026-07-17T00:50:04.000Z"
"05uic","10","3","111","SG","Jalen Green","PHO","Timbo1","2026-07-17T00:50:54.000Z"
"03e6n","10","4","112","C","Jusuf Nurkic","UTA","Anyang","2026-07-17T04:26:02.000Z"
"06mlk","10","5","113","SG","Ajay Mitchell","OKC","F Hoops Edge","2026-07-17T04:43:54.000Z"
"06213","10","6","114","PF","Keegan Murray","SAC","joberry","2026-07-17T04:55:25.000Z"
"06mkg","10","7","115","SG","Kyshawn George","WAS","GreenPoh","2026-07-17T06:05:34.000Z"
"05ujs","10","8","116","PF","Sandro Mamukelashvili","LAL","Markkowgier","2026-07-17T06:19:57.000Z"
"06v5r","10","9","117","PG","Egor Demin","BKN","Pilli","2026-07-17T06:19:57.000Z"
"05qtr","10","10","118","SG","Devin Vassell","SA","alegfrev","2026-07-17T06:32:16.000Z"
"04ewk","10","11","119","PF","John Collins","DET","Hoobob","2026-07-17T06:59:01.000Z"
"04848","10","12","120","PG","Fred VanVleet","HOU","JustinofNixa","2026-07-17T12:22:59.000Z"
"076t9","11","1","121","SG","Darryn Peterson","UTA","JustinofNixa","2026-07-17T12:27:14.000Z"
"06v5v","11","2","122","SG","Cedric Coward","MEM","Hoobob","2026-07-17T16:02:01.000Z"
"04qru","11","3","123","SG","Donte DiVincenzo","MIN","alegfrev","2026-07-18T00:02:14.000Z"
"06216","11","4","124","SG","Shaedon Sharpe","POR","Pilli","2026-07-18T00:02:14.000Z"
"05qst","11","5","125","C","Paul Reed","DET","Markkowgier","2026-07-18T00:02:42.000Z"
"05ujd","11","6","126","C","Neemias Queta","BOS","GreenPoh","2026-07-18T03:11:14.000Z"
"01eo9","11","7","127","PG","Jrue Holiday","POR","joberry","2026-07-18T03:33:11.000Z"
"06v57","11","8","128","SF","Ace Bailey","UTA","F Hoops Edge","2026-07-18T04:31:48.000Z"
"051oj","11","9","129","SF","RJ Barrett","TOR","Anyang","2026-07-18T12:26:45.000Z"
"06cac","11","10","130","SG","Cason Wallace","OKC","Timbo1","2026-07-18T12:28:55.000Z"
"03ams","11","11","131","SG","Zach LaVine","SAC","bdub","2026-07-18T20:29:11.000Z"
"06cc7","11","12","132","SG","Brandin Podziemski","GS","FehervarVideotoners","2026-07-19T00:31:00.000Z"
"06v5g","12","1","133","PG","Jeremiah Fears","NO","FehervarVideotoners","2026-07-19T00:32:57.000Z"
"049kd","12","2","134","C","Deandre Ayton","WAS","bdub","2026-07-19T07:02:51.000Z"
"042n6","12","3","135","C","Jakob Poeltl","TOR","Timbo1","2026-07-19T07:05:15.000Z"
"051p4","12","4","136","SG","Ty Jerome","MEM","Anyang","2026-07-19T07:27:03.000Z"
"051pa","12","5","137","SG","Kevin Porter","MIL","F Hoops Edge","2026-07-19T07:59:52.000Z"
"076tc","12","6","138","SG","Keaton Wagler","LAC","joberry","2026-07-19T09:05:42.000Z"
"076t6","12","7","139","PG","Darius Acuff","SAC","GreenPoh","2026-07-19T09:44:11.000Z"
"06v88","12","8","140","C","Maxime Raynaud","SAC","Markkowgier","2026-07-19T13:06:36.000Z"
"05uij","12","9","141","PG","Davion Mitchell","MIA","Pilli","2026-07-19T13:06:36.000Z"
"02nfz","12","10","142","PF","Draymond Green","(N/A)","alegfrev","2026-07-19T13:22:10.000Z"
"076tk","12","11","143","PG","Mikel Brown","BKN","Hoobob","2026-07-19T16:07:30.000Z"
"01eon","12","12","144","SF","DeMar DeRozan","(N/A)","JustinofNixa","2026-07-19T17:12:09.000Z"
"04ex8","13","1","145","SF","Dillon Brooks","PHO","JustinofNixa","2026-07-19T17:12:58.000Z"
"06215","13","2","146","SF","Bennedict Mathurin","LAC","Hoobob","2026-07-19T21:52:39.000Z"
"0623e","13","3","147","PG","Collin Gillespie","PHO","alegfrev","2026-07-19T23:57:20.000Z"
"06mlq","13","4","148","SG","Pelle Larsson","MIA","Pilli","2026-07-19T23:57:20.000Z"
"0621g","13","5","149","PF","Tari Eason","HOU","Markkowgier","2026-07-20T00:16:58.000Z"
"06cbx","13","6","150","SF","Jaime Jaquez","MIL","GreenPoh","2026-07-20T00:16:59.000Z"
"03al0","13","7","151","PF","Aaron Gordon","DEN","joberry","2026-07-20T04:05:37.000Z"
"06v5f","13","8","152","C","Khaman Maluach","PHO","F Hoops Edge","2026-07-20T05:52:16.000Z"
"04qrl","13","9","153","C","Wendell Carter","ORL","Anyang","2026-07-20T05:54:51.000Z"
"05uiz","13","10","154","SG","Quentin Grimes","LAL","Timbo1","2026-07-20T05:56:27.000Z"
"027p0","13","11","155","C","Nikola Vucevic","ORL","bdub","2026-07-20T08:58:37.000Z"
"06226","13","12","156","C","Moussa Diabate","CHA","FehervarVideotoners","2026-07-20T16:58:44.000Z"
"0621u","14","1","157","SG","Andrew Nembhard","IND","FehervarVideotoners","2026-07-20T18:51:45.000Z"
"027pe","14","2","158","SF","Jimmy Butler","GS","bdub","2026-07-21T02:21:32.000Z"
"06y2o","14","3","159","C","Dylan Cardwell","SAC","Timbo1","2026-07-21T02:21:32.000Z"
"051or","14","4","160","PF","Cameron Johnson","DEN","Anyang","2026-07-21T03:12:55.000Z"
"05qtq","14","5","161","PG","Tre Jones","CHI","F Hoops Edge","2026-07-21T03:47:02.000Z"
"06mle","14","6","162","C","Kyle Filipowski","UTA","joberry","2026-07-21T04:08:33.000Z"
"04qry","14","7","163","SG","Grayson Allen","CHA","GreenPoh","2026-07-21T06:07:39.000Z"
"06v5w","14","8","164","SG","Nique Clifford","SAC","Markkowgier","2026-07-21T12:22:59.000Z"
"0622i","14","9","165","PF","Gui Santos","GS","Pilli","2026-07-21T12:25:31.000Z"
"027p4","14","10","166","PF","Tobias Harris","SA","alegfrev","2026-07-21T12:54:04.000Z"
"06cc5","14","11","167","PG","Anthony Black","ORL","Hoobob","2026-07-21T13:07:26.000Z"
"05uj9","14","12","168","SF","Herbert Jones","NO","JustinofNixa","2026-07-21T14:15:17.000Z"
