"Player ID","Round","Pick","Ov Pick","Pos","Player","Team","Fantasy Team","Time (CEST)"
"03e75","","","1","C","Nikola Jokic","DEN","",""
"06cch","","","2","C","Victor Wembanyama","SA","",""
"04qro","","","3","PG","Shai Gilgeous-Alexander","OKC","",""
"04kj6","","","4","PG","Luka Doncic","LAL","",""
"05uib","","","6","PG","Cade Cunningham","DET","",""
"03xmv","","","8","PF","Jayson Tatum","BOS","",""
"031m2","","","8","PF","Giannis Antetokounmpo","MIA","",""
"05qug","","","9","SG","Anthony Edwards","MIN","",""
"05qsq","","","9","PG","Tyrese Maxey","PHI","",""
"05uiu","","","10","SF","Jalen Johnson","ATL","",""
"06v5l","","","11","SF","Cooper Flagg","DAL","",""
"05uie","","","12","PF","Scottie Barnes","TOR","",""
"05qtv","","","13","PG","Tyrese Haliburton","IND","",""
"04ewe","","","15","SG","Donovan Mitchell","CLE","",""
"001aw","","","17","PF","Kevin Durant","HOU","",""
"03ad3","","","17","C","Karl-Anthony Towns","NY","",""
"042n4","","","20","PG","Jamal Murray","DEN","",""
"05uiq","","","20","C","Alperen Sengun","HOU","",""
"01enh","","","20","PG","Stephen Curry","GS","",""
"06ca8","","","21","SF","Amen Thompson","HOU","",""
"05uus","","","22","SG","Austin Reaves","LAL","",""
"04qrk","","","25","PG","Trae Young","WAS","",""
"06211","","","25","C","Chet Holmgren","OKC","",""
"05qto","","","25","PG","LaMelo Ball","MIN","",""
"05uig","","","26","PG","Josh Giddey","CHI","",""
"03nwm","","","27","SG","Devin Booker","PHO","",""
"02nf1","","","29","PF","Anthony Davis","WAS","",""
"027oz","","","29","SF","Kawhi Leonard","TOR","",""
"01eo6","","","29","PG","James Harden","CLE","",""
"05uid","","","30","PF","Evan Mobley","CLE","",""
"04qsa","","","31","PG","Jalen Brunson","NY","",""
"05uir","","","31","SF","Trey Murphy","NO","",""
"04ewf","","","34","C","Bam Adebayo","MIA","",""
"04azw","","","35","PF","Lauri Markkanen","UTA","",""
"04ewt","","","36","SG","Derrick White","BOS","",""
"0621l","","","36","C","Walker Kessler","LAL","",""
"042n7","","","37","C","Domantas Sabonis","SAC","",""
"0621b","","","38","SG","Jalen Williams","OKC","",""
"05qtj","","","40","SF","Deni Avdija","POR","",""
"04qrj","","","41","C","Jaren Jackson","UTA","",""
"0621c","","","42","C","Jalen Duren","DET","",""
"03lls","","","43","SF","Jaylen Brown","PHI","",""
"06cca","","","43","SF","Brandon Miller","CHA","",""
"06210","","","47","PF","Paolo Banchero","ORL","",""
"05qtt","","","48","C","Onyeka Okongwu","ATL","",""
"06v5n","","","48","SF","Kon Knueppel","CHA","",""
"06mjz","","","49","C","Donovan Clingan","POR","",""
"05qt3","","","49","SG","Desmond Bane","ORL","",""
"027oj","","","50","SG","Kyrie Irving","DAL","",""
"051ox","","","53","SG","Nickeil Alexander-Walker","ATL","",""
"051ol","","","53","PG","Darius Garland","LAC","",""
"042nq","","","54","PG","Dejounte Murray","NO","",""
"0011e","","","55","SF","LeBron James","PHI","",""
"042nm","","","55","PF","Pascal Siakam","IND","",""
"06217","","","56","SG","Dyson Daniels","ATL","",""
"06cby","","","58","PG","Keyonte George","UTA","",""
"06mk3","","","58","SF","Matas Buzelis","CHI","",""
"03al2","","","59","C","Joel Embiid","PHI","",""
"06mk7","","","59","C","Kel'el Ware","MIL","",""
"076vc","","","59","PF","Cameron Boozer","MEM","",""
"04ewn","","","59","PF","OG Anunoby","NY","",""
"05uii","","","61","SF","Franz Wagner","ORL","",""
"06mjw","","","63","PG","Stephon Castle","SA","",""
"051ot","","","64","SG","Tyler Herro","MIL","",""
"042nt","","","65","C","Ivica Zubac","IND","",""
"04qrr","","","66","SF","Michael Porter","BKN","",""
"03ajv","","","67","PF","Julius Randle","BKN","",""
"06mju","","","68","C","Alex Sarr","WAS","",""
"02xg9","","","70","C","Rudy Gobert","MIN","",""
"06227","","","70","PG","Ryan Rollins","MIL","",""
"06mk1","","","71","C","Zach Edey","MEM","",""
"0527h","","","72","C","Naz Reid","CHA","",""
"04qrn","","","74","SF","Mikal Bridges","NY","",""
"049kb","","","74","PG","De'Aaron Fox","SA","",""
"01uyj","","","74","PF","Paul George","BOS","",""
"05qu0","","","78","PF","Jaden McDaniels","MIN","",""
"06ccf","","","78","SF","Ausar Thompson","DET","",""
"04ewm","","","81","C","Jarrett Allen","CLE","",""
"02nf6","","","81","PG","Damian Lillard","POR","",""
"05qt1","","","81","PG","Payton Pritchard","BOS","",""
"042n1","","","81","SF","Brandon Ingram","LAC","",""
"051oh","","","82","PF","Zion Williamson","NO","",""
"05qu9","","","84","PG","Immanuel Quickley","TOR","",""
"051on","","","84","SG","Coby White","CHA","",""
"06v5k","","","84","SG","VJ Edgecombe","PHI","",""
"051oi","","","84","PG","Ja Morant","POR","",""
"06v5y","","","88","SG","Dylan Harper","SA","",""
"03ad2","","","88","C","Myles Turner","MIL","",""
"06v5h","","","90","C","Derik Queen","NO","",""
"051p4","","","91","SG","Ty Jerome","MEM","",""
"06212","","","92","PF","Jabari Smith","HOU","",""
"076t0","","","92","PF","Caleb Wilson","CHI","",""
"03r7z","","","92","SG","Norman Powell","CHI","",""
"05uif","","","93","PG","Jalen Suggs","ORL","",""
"04ewu","","","96","SG","Josh Hart","NY","",""
"04ex6","","","97","C","Isaiah Hartenstein","OKC","",""
"051pb","","","99","C","Nicolas Claxton","CHI","",""
"076ta","","","99","SF","AJ Dybantsa","WAS","",""
"05uj3","","","100","C","Day'Ron Sharpe","BKN","",""
"05ujd","","","104","C","Neemias Queta","BOS","",""
"04qrp","","","105","SF","Miles Bridges","PHO","",""
"06v5a","","","106","PF","Collin Murray-Boyles","TOR","",""
"06v5v","","","107","SG","Cedric Coward","MEM","",""
"02ym0","","","107","SF","Andrew Wiggins","MIA","",""
"06213","","","107","PF","Keegan Murray","SAC","",""
"04ewk","","","109","PF","John Collins","DET","",""
"05ujc","","","109","SG","Ayo Dosunmu","MIN","",""
"04848","","","110","PG","Fred VanVleet","HOU","",""
"031lx","","","111","PG","CJ McCollum","ATL","",""
"076t9","","","111","SG","Darryn Peterson","UTA","",""
"03el5","","","112","C","Kristaps Porzingis","GS","",""
"03ams","","","114","SG","Zach LaVine","SAC","",""
"06cd4","","","114","PF","Toumani Camara","POR","",""
"06cac","","","115","SG","Cason Wallace","OKC","",""
"051pa","","","116","SG","Kevin Porter","MIL","",""
"05uic","","","116","SG","Jalen Green","PHO","",""
"06mlk","","","116","SG","Ajay Mitchell","OKC","",""
"0621t","","","117","SF","Peyton Watson","CLE","",""
"06cc7","","","118","SG","Brandin Podziemski","GS","",""
"03e6n","","","118","C","Jusuf Nurkic","UTA","",""
"06mjv","","","121","PG","Reed Sheppard","HOU","",""
"051oj","","","123","SF","RJ Barrett","TOR","",""
"042n6","","","125","C","Jakob Poeltl","TOR","",""
"06cbx","","","125","SF","Jaime Jaquez","MIL","",""
"06mkg","","","127","SG","Kyshawn George","WAS","",""
"06v5r","","","128","PG","Egor Demin","BKN","",""
"076t6","","","132","PG","Darius Acuff","SAC","",""
"05qt0","","","133","SF","Saddiq Bey","NO","",""
"05ujs","","","134","PF","Sandro Mamukelashvili","LAL","",""
"01eon","","","134","SF","DeMar DeRozan","DEN","",""
"0621u","","","135","SG","Andrew Nembhard","IND","",""
"06v5g","","","135","PG","Jeremiah Fears","NO","",""
"06v88","","","136","C","Maxime Raynaud","SAC","",""
"051os","","","137","PF","P.J. Washington","DAL","",""
"06cc5","","","138","PG","Anthony Black","ORL","",""
"03al0","","","140","PF","Aaron Gordon","DEN","",""
"0621g","","","141","PF","Tari Eason","HOU","",""
"06v57","","","141","SF","Ace Bailey","UTA","",""
"0621e","","","150","C","Mark Williams","PHO","",""
"05uij","","","152","PG","Davion Mitchell","MIA","",""
"05qtr","","","152","SG","Devin Vassell","SA","",""
"05qst","","","153","C","Paul Reed","DET","",""
"0623e","","","154","PG","Collin Gillespie","PHO","",""
"076sx","","","159","SF","Yaxel Lendeborg","GS","",""
"05uiz","","","160","SG","Quentin Grimes","LAL","",""
"06226","","","160","C","Moussa Diabate","CHA","",""
"05qtq","","","161","PG","Tre Jones","CHI","",""
"04qry","","","162","SG","Grayson Allen","CHA","",""
"06v5f","","","163","C","Khaman Maluach","PHO","",""
"051or","","","163","PF","Cameron Johnson","DEN","",""
"01eo9","","","167","PG","Jrue Holiday","POR","",""
"02nfz","","","173","PF","Draymond Green","GS","",""
"04qrl","","","176","C","Wendell Carter","ORL","",""
"04qsd","","","176","C","Mitchell Robinson","BOS","",""
"06mlq","","","178","SG","Pelle Larsson","MIA","",""
"027p4","","","178","PF","Tobias Harris","SA","",""
"0621k","","","179","SG","Christian Braun","DEN","",""
"076tk","","","179","PG","Mikel Brown","BKN","",""
"04ex8","","","181","SF","Dillon Brooks","PHO","",""
"06v5m","","","182","PF","Joan Beringer","MIN","",""
"0622i","","","185","PF","Gui Santos","GS","",""
"06215","","","186","SF","Bennedict Mathurin","NO","",""
"0623a","","","190","PG","Scotty Pippen","MEM","",""
"027p0","","","191","C","Nikola Vucevic","ORL","",""
"05uih","","","198","PF","Jonathan Kuminga","MIN","",""
"05uj9","","","200","SF","Herbert Jones","NO","",""
"05qt4","","","202","SF","Aaron Nesmith","IND","",""
"027pe","","","203","SF","Jimmy Butler","GS","",""
"06cc1","","","204","SF","Bilal Coulibaly","WAS","",""
"03aq2","","","204","PF","Jerami Grant","MEM","",""
"06216","","","205","SG","Shaedon Sharpe","POR","",""
"076tc","","","206","SG","Keaton Wagler","LAC","",""
"076sy","","","209","PF","Morez Johnson","DAL","",""
"051pi","","","214","C","Daniel Gafford","DAL","",""
"005ki","","","214","C","Brook Lopez","LAC","",""
"06mle","","","214","C","Kyle Filipowski","UTA","",""
"06cc8","","","215","C","Dereck Lively","DAL","",""
"03nwn","","","215","PF","Bobby Portis","MIA","",""
"05qub","","","217","C","Isaiah Stewart","MEM","",""
"051op","","","218","PF","Rui Hachimura","LAC","",""
"04qrm","","","219","SG","Collin Sexton","LAL","",""
"049kd","","","220","C","Deandre Ayton","WAS","",""
"062dn","","","220","SF","Julian Champagnie","SA","",""
"04qsm","","","222","PG","De'Anthony Melton","GS","",""
"06mkd","","","222","C","Yves Missi","NO","",""
"06mlz","","","223","SG","Cam Spencer","MEM","",""
"06v5w","","","225","SG","Nique Clifford","SAC","",""
"06cdn","","","226","PG","Scoot Henderson","POR","",""
"05qzh","","","226","SF","Naji Marshall","DAL","",""
"03nwk","","","227","SF","Kelly Oubre Jr.","IND","",""
"05uup","","","229","C","Jay Huff","IND","",""
"06mlm","","","229","PF","Oso Ighodaro","PHO","",""
"076ti","","","230","PF","Hannes Steinbach","CHA","",""
"05uiw","","","230","C","Isaiah Jackson","LAC","",""
"05uj4","","","230","PF","Santi Aldama","DAL","",""
"076tl","","","232","SG","Brayden Burries","MIL","",""
"06mkc","","","232","SG","Jaylon Tyson","CLE","",""
"03lg1","","","233","PG","Ben Simmons","SAC","",""
"0621y","","","234","SG","Max Christie","DAL","",""
"04qru","","","234","SG","Donte DiVincenzo","MIN","",""
"0623m","","","234","SG","Keon Ellis","BKN","",""
"0558t","","","234","SF","Max Strus","LAC","",""
"04ewr","","","235","PF","Kyle Kuzma","MIL","",""
"06mk8","","","235","SG","Jared McCain","OKC","",""
"04qs4","","","235","C","Robert Williams","POR","",""
"06mjt","","","236","SF","Zaccharie Risacher","DAL","",""
"06mkl","","","236","PG","Isaiah Collier","UTA","",""
"06v80","","","236","C","Ryan Kalkbrenner","CHA","",""
"06ccd","","","237","PF","Noah Clowney","BKN","",""
"051ok","","","237","SF","De'Andre Hunter","SAC","",""
"05qsp","","","237","SG","Isaiah Joe","DET","",""
"04s00","","","237","SF","Duncan Robinson","DET","",""
"051p9","","","238","SF","Keldon Johnson","SA","",""
"027ou","","","238","SF","Klay Thompson","MIA","",""
"0621i","","","239","PF","Jake LaRavia","LAL","",""
"05qtb","","","239","SG","Sam Merrill","CLE","",""
"06mkb","","","239","SG","Ja'Kobe Walter","TOR","",""
"02nf3","","","239","SG","Bradley Beal","LAC","",""
"04qs1","","","239","SG","Anfernee Simons","PHI","",""
"06mll","","","240","SG","Jaylen Wells","MEM","",""
"06mmf","","","240","PG","Daniss Jenkins","DET","",""
"05ujt","","","240","SG","Aaron Wiggins","ATL","",""
"05qtm","","","240","C","Precious Achiuwa","SAC","",""
"051p8","","","240","SG","Jordan Poole","NO","",""
"076te","","","240","PG","Kingston Flemings","ATL","",""
"049kc","","","240","SG","Malik Monk","SAC","",""
"0496e","","","240","SG","Alex Caruso","OKC","",""
"02nf9","","","240","C","Andre Drummond","NY","",""
"05qty","","","241","C","Jalen Smith","CHI","",""
"031mb","","","241","SG","Tim Hardaway","MIA","",""
"06mjx","","","241","SF","Ron Holland","DET","",""
"076su","","","241","C","Aday Mara","OKC","",""
"03al1","","","241","PG","Marcus Smart","HOU","",""
"042n2","","","241","PG","Kris Dunn","LAC","",""
"06mk6","","","241","PG","Bub Carrington","WAS","",""
"06v58","","","241","SG","Tre Johnson","WAS","",""
"031m4","","","241","PG","Dennis Schroder","CHA","",""
"03wr4","","","241","PG","T.J. McConnell","IND","",""
"051p0","","","242","SG","Matisse Thybulle","LAL","",""
"048zt","","","242","SF","Derrick Jones","LAC","",""
"06v5q","","","242","PF","Danny Wolf","BKN","",""
"06mln","","","242","C","Adem Bona","PHI","",""
"076tb","","","242","PF","Allen Graves","TOR","",""
"06mm1","","","242","SG","Bronny James","LAL","",""
"06y2o","","","242","C","Dylan Cardwell","SAC","",""
"0621a","","","242","C","Ousmane Dieng","MIL","",""
"0527l","","","242","SF","Luguentz Dort","ATL","",""
"06v5b","","","242","C","Yanic Konan Niederhauser","LAC","",""
"05qsx","","","242","PF","Obi Toppin","IND","",""
"05uja","","","242","PG","Miles McBride","NY","",""
"06cdh","","","242","PF","GG Jackson","MEM","",""
"06cbz","","","242","SF","Brice Sensabaugh","UTA","",""
"06234","","","242","SG","AJ Green","MIL","",""
"06cc0","","","243","PF","Taylor Hendricks","MEM","",""
"06mkj","","","243","SG","Terrence Shannon","MIN","",""
"0621x","","","243","PF","Jaylin Williams","OKC","",""
"000zv","","","243","C","Al Horford","GS","",""
"031lz","","","243","C","Steven Adams","HOU","",""
"076t2","","","243","SG","Cameron Carr","LAL","",""
"06v56","","","243","PG","Walter Clayton","MEM","",""
"04jwd","","","243","SF","Royce O'Neale","CHA","",""
"05uug","","","243","PF","Sam Hauser","BOS","",""
"06v5d","","","243","SG","Hugo Gonzalez","BOS","",""
"06v59","","","243","SF","Will Riley","WAS","",""
"06mlr","","","243","PG","Jamal Shead","TOR","",""
"043cj","","","243","SG","Gary Payton II","GS","",""
"06cab","","","243","PF","Jarace Walker","IND","",""
"04jwb","","","243","C","Luke Kornet","SA","",""
"06cei","","","243","SF","Leonard Miller","CHI","",""
"05uul","","","243","PG","Jose Alvarado","NY","",""
"076tm","","","243","SF","Nate Ament","MIL","",""
"0015e","","","243","PG","Mike Conley","BOS","",""
"03r7d","","","243","PF","Mario Hezonja","CLE","",""
"076sw","","","243","PG","Labaron Philon","PHI","",""
"05ujr","","","243","C","Charles Bassey","GS","",""
"06hdy","","","243","PF","Drew Peterson","CHI","",""
"04ewd","","","243","SG","Luke Kennard","PHO","",""
"04qs2","","","243","C","Moritz Wagner","BKN","",""
"076t1","","","243","SG","Dailyn Swain","CHI","",""
"06v8e","","","244","PG","Javon Small","MEM","",""
"06mkm","","","244","SG","Baylor Scheierman","BOS","",""
"05wvu","","","244","SG","David Duke","(N/A)","",""
"051ph","","","244","SG","Deividas Sirvydis","(N/A)","",""
"076tg","","","244","PF","Koa Peat","PHO","",""
"04qs3","","","244","SG","Landry Shamet","NY","",""
"051oo","","","244","C","Jaxson Hayes","UTA","",""
"05qsk","","","244","SG","Isaac Okoro","CHI","",""
"04ewc","","","244","PF","Zach Collins","CHI","",""
"051pj","","","244","PF","Alen Smailagic","(N/A)","",""
"06mlg","","","244","PG","Tyler Kolek","NY","",""
"03byk","","","244","SG","Jordan Clarkson","NY","",""
"04qsn","","","244","SF","Svi Mykhailiuk","UTA","",""
"05uuq","","","244","C","Jock Landale","ATL","",""
"06cc2","","","244","SG","Gradey Dick","LAC","",""
"031m0","","","244","C","Kelly Olynyk","(N/A)","",""
"05wqo","","","244","SG","Dru Smith","MIA","",""
"05ujm","","","244","PG","Sharife Cooper","(N/A)","",""
"06eo4","","","244","SG","Dexter Dennis","(N/A)","",""
"06v8h","","","244","SF","Mohamed Diawara","NY","",""
"0621q","","","244","PF","Nikola Jovic","MIA","",""
"0622f","","","244","PF","Karlo Matkovic","NO","",""
"076sz","","","244","PG","Sergio De Larrea","DAL","",""
"05qt9","","","244","PG","Killian Hayes","(N/A)","",""
"06v55","","","244","SG","Kasparas Jakucionis","MIL","",""
"06nv9","","","244","SF","Spencer Jones","DEN","",""
"076ts","","","244","F","Tyler Nickel","NY","",""
"06cp4","","","244","PG","Craig Porter","CLE","",""
"04qsi","","","244","PF","Jarred Vanderbilt","LAL","",""
"076u2","","","244","SF","Dillon Mitchell","BOS","",""
"06mka","","","244","SF","Tristan da Silva","ORL","",""
"0723f","","","244","SG","Chris Youngblood","POR","",""
"03aq3","","","244","SF","Kyle Anderson","TOR","",""
"059g5","","","244","PF","Simi Shittu","(N/A)","",""
"02nf7","","","244","PF","Harrison Barnes","SA","",""
"06228","","","244","SF","Josh Minott","BKN","",""
"076t4","","","244","PG","Ebuka Okorie","DET","",""
"05uik","","","244","SF","Ziaire Williams","LAL","",""
"049ki","","","244","PF","Marvin Bagley","DEN","",""
"05uud","","","244","SF","Justin Champagnie","WAS","",""
"05y9y","","","244","PG","Brandon Williams","GS","",""
"06v8g","","","244","SG","Kobe Sanders","LAC","",""
"051oy","","","244","C","Goga Bitadze","ORL","",""
"02ng3","","","244","SF","Khris Middleton","WAS","",""
"06v72","","","244","PF","Rasheer Fleming","PHO","",""
"06v5p","","","244","PG","Nolan Traore","BKN","",""
"07215","","","244","C","Moussa Cisse","DAL","",""
"05ujq","","","244","C","Luka Garza","BOS","",""
"031lv","","","244","SG","Kentavious Caldwell-Pope","PHI","",""
"06v5e","","","244","C","Yang Hansen","POR","",""
"06cc9","","","244","PF","Olivier-Maxence Prosper","MEM","",""
"05ux3","","","244","PG","Jordan Goodwin","PHO","",""
"06mly","","","244","C","Quinten Post","MEM","",""
